framework,scenario,run,value,status,hwnd,focusHwnd,queryFocus,windowDpi,windowLeft,windowTop,windowWidth,windowHeight,query,resultCount,workingSetBytes,privateBytes,handleCount,userObjects,gdiObjects
avalonia,cold-startup-warmup,1,989.096,pass,8587896,8587896,True,96,1380,516,680,360,,,,,,,
avalonia,cold-startup-warmup,2,984.962,pass,14158494,14158494,True,96,1380,516,680,360,,,,,,,
avalonia,cold-startup-warmup,3,997.125,pass,45484130,45484130,True,96,1380,516,680,360,,,,,,,
avalonia,cold-startup-warmup,4,968.271,pass,58523986,58523986,True,96,1380,516,680,360,,,,,,,
avalonia,cold-startup-warmup,5,990.175,pass,23725296,23725296,True,96,1380,516,680,360,,,,,,,
avalonia,cold-startup,1,1035.299,pass,36047376,36047376,True,96,1380,516,680,360,,,,,,,
avalonia,cold-startup,2,1000.941,pass,45746274,45746274,True,96,1380,516,680,360,,,,,,,
avalonia,cold-startup,3,1006.655,pass,58786130,58786130,True,96,1380,516,680,360,,,,,,,
avalonia,cold-startup,4,989.874,pass,23987440,23987440,True,96,1380,516,680,360,,,,,,,
avalonia,cold-startup,5,987.034,pass,36309520,36309520,True,96,1380,516,680,360,,,,,,,
avalonia,cold-startup,6,979.854,pass,32966770,32966770,True,96,1380,516,680,360,,,,,,,
avalonia,cold-startup,7,965.187,pass,59048274,59048274,True,96,1380,516,680,360,,,,,,,
avalonia,cold-startup,8,960.892,pass,22743600,22743600,True,96,1380,516,680,360,,,,,,,
avalonia,cold-startup,9,969.572,pass,32311766,32311766,True,96,1380,516,680,360,,,,,,,
avalonia,cold-startup,10,968.828,pass,59639490,59639490,True,96,1380,516,680,360,,,,,,,
avalonia,cold-startup,11,984.721,pass,59310418,59310418,True,96,1380,516,680,360,,,,,,,
avalonia,cold-startup,12,973.343,pass,36833808,36833808,True,96,1380,516,680,360,,,,,,,
avalonia,cold-startup,13,971.007,pass,33425522,33425522,True,96,1380,516,680,360,,,,,,,
avalonia,cold-startup,14,968.919,pass,59901634,59901634,True,96,1380,516,680,360,,,,,,,
avalonia,cold-startup,15,970.247,pass,51514190,51514190,True,96,1380,516,680,360,,,,,,,
avalonia,cold-startup,16,974.316,pass,24773872,24773872,True,96,1380,516,680,360,,,,,,,
avalonia,cold-startup,17,968.585,pass,20316424,20316424,True,96,1380,516,680,360,,,,,,,
avalonia,cold-startup,18,973.672,pass,46925922,46925922,True,96,1380,516,680,360,,,,,,,
avalonia,cold-startup,19,983.322,pass,12322658,12322658,True,96,1380,516,680,360,,,,,,,
avalonia,cold-startup,20,980.172,pass,47122530,47122530,True,96,1380,516,680,360,,,,,,,
avalonia,cold-startup,21,978.479,pass,20578568,20578568,True,96,1380,516,680,360,,,,,,,
avalonia,cold-startup,22,969.219,pass,23661104,23661104,True,96,1380,516,680,360,,,,,,,
avalonia,cold-startup,23,960.892,pass,12584802,12584802,True,96,1380,516,680,360,,,,,,,
avalonia,cold-startup,24,956.514,pass,34146418,34146418,True,96,1380,516,680,360,,,,,,,
avalonia,cold-startup,25,955.585,pass,9505468,9505468,True,96,1380,516,680,360,,,,,,,
avalonia,cold-startup,26,968.238,pass,37620372,37620372,True,96,1380,516,680,360,,,,,,,
avalonia,cold-startup,27,969.176,pass,52366158,52366158,True,96,1380,516,680,360,,,,,,,
avalonia,cold-startup,28,952.382,pass,10750584,10750584,True,96,1380,516,680,360,,,,,,,
avalonia,cold-startup,29,953.082,pass,12978018,12978018,True,96,1380,516,680,360,,,,,,,
avalonia,cold-startup,30,955.189,pass,33688022,33688022,True,96,1380,516,680,360,,,,,,,
avalonia,monitor-placement,1,96.000,pass,52628302,52628302,True,96,1380,516,680,360,,,,,,,
avalonia,monitor-placement,2,144.000,pass,52628302,52628302,True,144,4850,54,1020,540,,,,,,,
avalonia,monitor-placement,3,96.000,pass,52628302,52628302,True,96,1380,516,680,360,,,,,,,
avalonia,resource-snapshot,0,0.000,observed,,,,,,,,,,,153165824,184827904,941,48,75
avalonia,hotkey-visible,1,14.243,pass,52628302,52628302,True,96,1380,516,680,360,,,,,,,
avalonia,hotkey-visible,2,13.146,pass,52628302,52628302,True,96,1380,516,680,360,,,,,,,
avalonia,hotkey-visible,3,14.887,pass,52628302,52628302,True,96,1380,516,680,360,,,,,,,
avalonia,hotkey-visible,4,14.485,pass,52628302,52628302,True,96,1380,516,680,360,,,,,,,
avalonia,hotkey-visible,5,14.270,pass,52628302,52628302,True,96,1380,516,680,360,,,,,,,
avalonia,hotkey-visible,6,13.641,pass,52628302,52628302,True,96,1380,516,680,360,,,,,,,
avalonia,hotkey-visible,7,15.179,pass,52628302,52628302,True,96,1380,516,680,360,,,,,,,
avalonia,hotkey-visible,8,16.287,pass,52628302,52628302,True,96,1380,516,680,360,,,,,,,
avalonia,hotkey-visible,9,10.260,pass,52628302,52628302,True,96,1380,516,680,360,,,,,,,
avalonia,hotkey-visible,10,10.245,pass,52628302,52628302,True,96,1380,516,680,360,,,,,,,
avalonia,hotkey-visible,11,10.602,pass,52628302,52628302,True,96,1380,516,680,360,,,,,,,
avalonia,hotkey-visible,12,13.251,pass,52628302,52628302,True,96,1380,516,680,360,,,,,,,
avalonia,hotkey-visible,13,12.737,pass,52628302,52628302,True,96,1380,516,680,360,,,,,,,
avalonia,hotkey-visible,14,14.098,pass,52628302,52628302,True,96,1380,516,680,360,,,,,,,
avalonia,hotkey-visible,15,14.057,pass,52628302,52628302,True,96,1380,516,680,360,,,,,,,
avalonia,hotkey-visible,16,15.144,pass,52628302,52628302,True,96,1380,516,680,360,,,,,,,
avalonia,hotkey-visible,17,12.498,pass,52628302,52628302,True,96,1380,516,680,360,,,,,,,
avalonia,hotkey-visible,18,12.965,pass,52628302,52628302,True,96,1380,516,680,360,,,,,,,
avalonia,hotkey-visible,19,12.477,pass,52628302,52628302,True,96,1380,516,680,360,,,,,,,
avalonia,hotkey-visible,20,12.715,pass,52628302,52628302,True,96,1380,516,680,360,,,,,,,
avalonia,hotkey-visible,21,13.608,pass,52628302,52628302,True,96,1380,516,680,360,,,,,,,
avalonia,hotkey-visible,22,15.127,pass,52628302,52628302,True,96,1380,516,680,360,,,,,,,
avalonia,hotkey-visible,23,9.700,pass,52628302,52628302,True,96,1380,516,680,360,,,,,,,
avalonia,hotkey-visible,24,11.683,pass,52628302,52628302,True,96,1380,516,680,360,,,,,,,
avalonia,hotkey-visible,25,13.932,pass,52628302,52628302,True,96,1380,516,680,360,,,,,,,
avalonia,hotkey-visible,26,13.658,pass,52628302,52628302,True,96,1380,516,680,360,,,,,,,
avalonia,hotkey-visible,27,10.446,pass,52628302,52628302,True,96,1380,516,680,360,,,,,,,
avalonia,hotkey-visible,28,10.532,pass,52628302,52628302,True,96,1380,516,680,360,,,,,,,
avalonia,hotkey-visible,29,10.438,pass,52628302,52628302,True,96,1380,516,680,360,,,,,,,
avalonia,hotkey-visible,30,10.119,pass,52628302,52628302,True,96,1380,516,680,360,,,,,,,
avalonia,hotkey-visible,31,10.557,pass,52628302,52628302,True,96,1380,516,680,360,,,,,,,
avalonia,hotkey-visible,32,11.626,pass,52628302,52628302,True,96,1380,516,680,360,,,,,,,
avalonia,hotkey-visible,33,12.978,pass,52628302,52628302,True,96,1380,516,680,360,,,,,,,
avalonia,hotkey-visible,34,10.787,pass,52628302,52628302,True,96,1380,516,680,360,,,,,,,
avalonia,hotkey-visible,35,12.135,pass,52628302,52628302,True,96,1380,516,680,360,,,,,,,
avalonia,hotkey-visible,36,13.121,pass,52628302,52628302,True,96,1380,516,680,360,,,,,,,
avalonia,hotkey-visible,37,15.371,pass,52628302,52628302,True,96,1380,516,680,360,,,,,,,
avalonia,hotkey-visible,38,14.623,pass,52628302,52628302,True,96,1380,516,680,360,,,,,,,
avalonia,hotkey-visible,39,11.578,pass,52628302,52628302,True,96,1380,516,680,360,,,,,,,
avalonia,hotkey-visible,40,11.346,pass,52628302,52628302,True,96,1380,516,680,360,,,,,,,
avalonia,hotkey-visible,41,10.069,pass,52628302,52628302,True,96,1380,516,680,360,,,,,,,
avalonia,hotkey-visible,42,11.577,pass,52628302,52628302,True,96,1380,516,680,360,,,,,,,
avalonia,hotkey-visible,43,12.287,pass,52628302,52628302,True,96,1380,516,680,360,,,,,,,
avalonia,hotkey-visible,44,12.570,pass,52628302,52628302,True,96,1380,516,680,360,,,,,,,
avalonia,hotkey-visible,45,14.012,pass,52628302,52628302,True,96,1380,516,680,360,,,,,,,
avalonia,hotkey-visible,46,12.761,pass,52628302,52628302,True,96,1380,516,680,360,,,,,,,
avalonia,hotkey-visible,47,12.473,pass,52628302,52628302,True,96,1380,516,680,360,,,,,,,
avalonia,hotkey-visible,48,10.653,pass,52628302,52628302,True,96,1380,516,680,360,,,,,,,
avalonia,hotkey-visible,49,11.633,pass,52628302,52628302,True,96,1380,516,680,360,,,,,,,
avalonia,hotkey-visible,50,10.920,pass,52628302,52628302,True,96,1380,516,680,360,,,,,,,
avalonia,hotkey-visible,51,13.883,pass,52628302,52628302,True,96,1380,516,680,360,,,,,,,
avalonia,hotkey-visible,52,9.671,pass,52628302,52628302,True,96,1380,516,680,360,,,,,,,
avalonia,hotkey-visible,53,12.438,pass,52628302,52628302,True,96,1380,516,680,360,,,,,,,
avalonia,hotkey-visible,54,12.309,pass,52628302,52628302,True,96,1380,516,680,360,,,,,,,
avalonia,hotkey-visible,55,10.531,pass,52628302,52628302,True,96,1380,516,680,360,,,,,,,
avalonia,hotkey-visible,56,12.890,pass,52628302,52628302,True,96,1380,516,680,360,,,,,,,
avalonia,hotkey-visible,57,13.846,pass,52628302,52628302,True,96,1380,516,680,360,,,,,,,
avalonia,hotkey-visible,58,13.166,pass,52628302,52628302,True,96,1380,516,680,360,,,,,,,
avalonia,hotkey-visible,59,14.996,pass,52628302,52628302,True,96,1380,516,680,360,,,,,,,
avalonia,hotkey-visible,60,10.619,pass,52628302,52628302,True,96,1380,516,680,360,,,,,,,
avalonia,hotkey-visible,61,12.307,pass,52628302,52628302,True,96,1380,516,680,360,,,,,,,
avalonia,hotkey-visible,62,12.126,pass,52628302,52628302,True,96,1380,516,680,360,,,,,,,
avalonia,hotkey-visible,63,13.495,pass,52628302,52628302,True,96,1380,516,680,360,,,,,,,
avalonia,hotkey-visible,64,10.117,pass,52628302,52628302,True,96,1380,516,680,360,,,,,,,
avalonia,hotkey-visible,65,12.933,pass,52628302,52628302,True,96,1380,516,680,360,,,,,,,
avalonia,hotkey-visible,66,13.178,pass,52628302,52628302,True,96,1380,516,680,360,,,,,,,
avalonia,hotkey-visible,67,13.862,pass,52628302,52628302,True,96,1380,516,680,360,,,,,,,
avalonia,hotkey-visible,68,13.480,pass,52628302,52628302,True,96,1380,516,680,360,,,,,,,
avalonia,hotkey-visible,69,15.470,pass,52628302,52628302,True,96,1380,516,680,360,,,,,,,
avalonia,hotkey-visible,70,9.477,pass,52628302,52628302,True,96,1380,516,680,360,,,,,,,
avalonia,hotkey-visible,71,10.729,pass,52628302,52628302,True,96,1380,516,680,360,,,,,,,
avalonia,hotkey-visible,72,10.447,pass,52628302,52628302,True,96,1380,516,680,360,,,,,,,
avalonia,hotkey-visible,73,10.925,pass,52628302,52628302,True,96,1380,516,680,360,,,,,,,
avalonia,hotkey-visible,74,10.642,pass,52628302,52628302,True,96,1380,516,680,360,,,,,,,
avalonia,hotkey-visible,75,11.794,pass,52628302,52628302,True,96,1380,516,680,360,,,,,,,
avalonia,hotkey-visible,76,10.261,pass,52628302,52628302,True,96,1380,516,680,360,,,,,,,
avalonia,hotkey-visible,77,10.264,pass,52628302,52628302,True,96,1380,516,680,360,,,,,,,
avalonia,hotkey-visible,78,10.124,pass,52628302,52628302,True,96,1380,516,680,360,,,,,,,
avalonia,hotkey-visible,79,11.174,pass,52628302,52628302,True,96,1380,516,680,360,,,,,,,
avalonia,hotkey-visible,80,10.076,pass,52628302,52628302,True,96,1380,516,680,360,,,,,,,
avalonia,hotkey-visible,81,11.659,pass,52628302,52628302,True,96,1380,516,680,360,,,,,,,
avalonia,hotkey-visible,82,12.480,pass,52628302,52628302,True,96,1380,516,680,360,,,,,,,
avalonia,hotkey-visible,83,14.415,pass,52628302,52628302,True,96,1380,516,680,360,,,,,,,
avalonia,hotkey-visible,84,9.290,pass,52628302,52628302,True,96,1380,516,680,360,,,,,,,
avalonia,hotkey-visible,85,11.991,pass,52628302,52628302,True,96,1380,516,680,360,,,,,,,
avalonia,hotkey-visible,86,13.030,pass,52628302,52628302,True,96,1380,516,680,360,,,,,,,
avalonia,hotkey-visible,87,14.885,pass,52628302,52628302,True,96,1380,516,680,360,,,,,,,
avalonia,hotkey-visible,88,14.559,pass,52628302,52628302,True,96,1380,516,680,360,,,,,,,
avalonia,hotkey-visible,89,12.962,pass,52628302,52628302,True,96,1380,516,680,360,,,,,,,
avalonia,hotkey-visible,90,13.273,pass,52628302,52628302,True,96,1380,516,680,360,,,,,,,
avalonia,hotkey-visible,91,14.995,pass,52628302,52628302,True,96,1380,516,680,360,,,,,,,
avalonia,hotkey-visible,92,14.885,pass,52628302,52628302,True,96,1380,516,680,360,,,,,,,
avalonia,hotkey-visible,93,8.537,pass,52628302,52628302,True,96,1380,516,680,360,,,,,,,
avalonia,hotkey-visible,94,10.908,pass,52628302,52628302,True,96,1380,516,680,360,,,,,,,
avalonia,hotkey-visible,95,11.795,pass,52628302,52628302,True,96,1380,516,680,360,,,,,,,
avalonia,hotkey-visible,96,12.531,pass,52628302,52628302,True,96,1380,516,680,360,,,,,,,
avalonia,hotkey-visible,97,12.692,pass,52628302,52628302,True,96,1380,516,680,360,,,,,,,
avalonia,hotkey-visible,98,12.619,pass,52628302,52628302,True,96,1380,516,680,360,,,,,,,
avalonia,hotkey-visible,99,13.801,pass,52628302,52628302,True,96,1380,516,680,360,,,,,,,
avalonia,hotkey-visible,100,12.735,pass,52628302,52628302,True,96,1380,516,680,360,,,,,,,
avalonia,keyboard-flow,1,0.000,pass,0,0,False,0,0,0,0,0,"quail",8,,,,,
avalonia,keyboard-flow,2,0.000,pass,0,0,False,0,0,0,0,0,"quail",8,,,,,
avalonia,keyboard-flow,3,0.000,pass,0,0,False,0,0,0,0,0,"quail",8,,,,,
avalonia,keyboard-flow,4,0.000,pass,0,0,False,0,0,0,0,0,"quail",8,,,,,
avalonia,keyboard-flow,5,0.000,pass,0,0,False,0,0,0,0,0,"quail",8,,,,,
avalonia,keyboard-flow,6,0.000,pass,0,0,False,0,0,0,0,0,"quail",8,,,,,
avalonia,keyboard-flow,7,0.000,pass,0,0,False,0,0,0,0,0,"quail",8,,,,,
avalonia,keyboard-flow,8,0.000,pass,0,0,False,0,0,0,0,0,"quail",8,,,,,
avalonia,keyboard-flow,9,0.000,pass,0,0,False,0,0,0,0,0,"quail",8,,,,,
avalonia,keyboard-flow,10,0.000,pass,0,0,False,0,0,0,0,0,"quail",8,,,,,
avalonia,keyboard-flow,11,0.000,pass,0,0,False,0,0,0,0,0,"quail",8,,,,,
avalonia,keyboard-flow,12,0.000,pass,0,0,False,0,0,0,0,0,"quail",8,,,,,
avalonia,keyboard-flow,13,0.000,pass,0,0,False,0,0,0,0,0,"quail",8,,,,,
avalonia,keyboard-flow,14,0.000,pass,0,0,False,0,0,0,0,0,"quail",8,,,,,
avalonia,keyboard-flow,15,0.000,pass,0,0,False,0,0,0,0,0,"quail",8,,,,,
avalonia,keyboard-flow,16,0.000,pass,0,0,False,0,0,0,0,0,"quail",8,,,,,
avalonia,keyboard-flow,17,0.000,pass,0,0,False,0,0,0,0,0,"quail",8,,,,,
avalonia,keyboard-flow,18,0.000,pass,0,0,False,0,0,0,0,0,"quail",8,,,,,
avalonia,keyboard-flow,19,0.000,pass,0,0,False,0,0,0,0,0,"quail",8,,,,,
avalonia,keyboard-flow,20,0.000,pass,0,0,False,0,0,0,0,0,"quail",8,,,,,
avalonia,keyboard-flow,21,0.000,pass,0,0,False,0,0,0,0,0,"quail",8,,,,,
avalonia,keyboard-flow,22,0.000,pass,0,0,False,0,0,0,0,0,"quail",8,,,,,
avalonia,keyboard-flow,23,0.000,pass,0,0,False,0,0,0,0,0,"quail",8,,,,,
avalonia,keyboard-flow,24,0.000,pass,0,0,False,0,0,0,0,0,"quail",8,,,,,
avalonia,keyboard-flow,25,0.000,pass,0,0,False,0,0,0,0,0,"quail",8,,,,,
avalonia,keyboard-flow,26,0.000,pass,0,0,False,0,0,0,0,0,"quail",8,,,,,
avalonia,keyboard-flow,27,0.000,pass,0,0,False,0,0,0,0,0,"quail",8,,,,,
avalonia,keyboard-flow,28,0.000,pass,0,0,False,0,0,0,0,0,"quail",8,,,,,
avalonia,keyboard-flow,29,0.000,pass,0,0,False,0,0,0,0,0,"quail",8,,,,,
avalonia,keyboard-flow,30,0.000,pass,0,0,False,0,0,0,0,0,"quail",8,,,,,
avalonia,keyboard-flow,31,0.000,pass,0,0,False,0,0,0,0,0,"quail",8,,,,,
avalonia,keyboard-flow,32,0.000,pass,0,0,False,0,0,0,0,0,"quail",8,,,,,
avalonia,keyboard-flow,33,0.000,pass,0,0,False,0,0,0,0,0,"quail",8,,,,,
avalonia,keyboard-flow,34,0.000,pass,0,0,False,0,0,0,0,0,"quail",8,,,,,
avalonia,keyboard-flow,35,0.000,pass,0,0,False,0,0,0,0,0,"quail",8,,,,,
avalonia,keyboard-flow,36,0.000,pass,0,0,False,0,0,0,0,0,"quail",8,,,,,
avalonia,keyboard-flow,37,0.000,pass,0,0,False,0,0,0,0,0,"quail",8,,,,,
avalonia,keyboard-flow,38,0.000,pass,0,0,False,0,0,0,0,0,"quail",8,,,,,
avalonia,keyboard-flow,39,0.000,pass,0,0,False,0,0,0,0,0,"quail",8,,,,,
avalonia,keyboard-flow,40,0.000,pass,0,0,False,0,0,0,0,0,"quail",8,,,,,
avalonia,keyboard-flow,41,0.000,pass,0,0,False,0,0,0,0,0,"quail",8,,,,,
avalonia,keyboard-flow,42,0.000,pass,0,0,False,0,0,0,0,0,"quail",8,,,,,
avalonia,keyboard-flow,43,0.000,pass,0,0,False,0,0,0,0,0,"quail",8,,,,,
avalonia,keyboard-flow,44,0.000,pass,0,0,False,0,0,0,0,0,"quail",8,,,,,
avalonia,keyboard-flow,45,0.000,pass,0,0,False,0,0,0,0,0,"quail",8,,,,,
avalonia,keyboard-flow,46,0.000,pass,0,0,False,0,0,0,0,0,"quail",8,,,,,
avalonia,keyboard-flow,47,0.000,pass,0,0,False,0,0,0,0,0,"quail",8,,,,,
avalonia,keyboard-flow,48,0.000,pass,0,0,False,0,0,0,0,0,"quail",8,,,,,
avalonia,keyboard-flow,49,0.000,pass,0,0,False,0,0,0,0,0,"quail",8,,,,,
avalonia,keyboard-flow,50,0.000,pass,0,0,False,0,0,0,0,0,"quail",8,,,,,
avalonia,summon-escape-lifecycle,1,0.000,pass,52628302,52628302,True,96,1380,516,680,360,,,,,,,
avalonia,summon-escape-lifecycle,2,0.000,pass,52628302,52628302,True,96,1380,516,680,360,,,,,,,
avalonia,summon-escape-lifecycle,3,0.000,pass,52628302,52628302,True,96,1380,516,680,360,,,,,,,
avalonia,summon-escape-lifecycle,4,0.000,pass,52628302,52628302,True,96,1380,516,680,360,,,,,,,
avalonia,summon-escape-lifecycle,5,0.000,pass,52628302,52628302,True,96,1380,516,680,360,,,,,,,
avalonia,summon-escape-lifecycle,6,0.000,pass,52628302,52628302,True,96,1380,516,680,360,,,,,,,
avalonia,summon-escape-lifecycle,7,0.000,pass,52628302,52628302,True,96,1380,516,680,360,,,,,,,
avalonia,summon-escape-lifecycle,8,0.000,pass,52628302,52628302,True,96,1380,516,680,360,,,,,,,
avalonia,summon-escape-lifecycle,9,0.000,pass,52628302,52628302,True,96,1380,516,680,360,,,,,,,
avalonia,summon-escape-lifecycle,10,0.000,pass,52628302,52628302,True,96,1380,516,680,360,,,,,,,
avalonia,summon-escape-lifecycle,11,0.000,pass,52628302,52628302,True,96,1380,516,680,360,,,,,,,
avalonia,summon-escape-lifecycle,12,0.000,pass,52628302,52628302,True,96,1380,516,680,360,,,,,,,
avalonia,summon-escape-lifecycle,13,0.000,pass,52628302,52628302,True,96,1380,516,680,360,,,,,,,
avalonia,summon-escape-lifecycle,14,0.000,pass,52628302,52628302,True,96,1380,516,680,360,,,,,,,
avalonia,summon-escape-lifecycle,15,0.000,pass,52628302,52628302,True,96,1380,516,680,360,,,,,,,
avalonia,summon-escape-lifecycle,16,0.000,pass,52628302,52628302,True,96,1380,516,680,360,,,,,,,
avalonia,summon-escape-lifecycle,17,0.000,pass,52628302,52628302,True,96,1380,516,680,360,,,,,,,
avalonia,summon-escape-lifecycle,18,0.000,pass,52628302,52628302,True,96,1380,516,680,360,,,,,,,
avalonia,summon-escape-lifecycle,19,0.000,pass,52628302,52628302,True,96,1380,516,680,360,,,,,,,
avalonia,summon-escape-lifecycle,20,0.000,pass,52628302,52628302,True,96,1380,516,680,360,,,,,,,
avalonia,summon-escape-lifecycle,21,0.000,pass,52628302,52628302,True,96,1380,516,680,360,,,,,,,
avalonia,summon-escape-lifecycle,22,0.000,pass,52628302,52628302,True,96,1380,516,680,360,,,,,,,
avalonia,summon-escape-lifecycle,23,0.000,pass,52628302,52628302,True,96,1380,516,680,360,,,,,,,
avalonia,summon-escape-lifecycle,24,0.000,pass,52628302,52628302,True,96,1380,516,680,360,,,,,,,
avalonia,summon-escape-lifecycle,25,0.000,pass,52628302,52628302,True,96,1380,516,680,360,,,,,,,
avalonia,summon-escape-lifecycle,26,0.000,pass,52628302,52628302,True,96,1380,516,680,360,,,,,,,
avalonia,summon-escape-lifecycle,27,0.000,pass,52628302,52628302,True,96,1380,516,680,360,,,,,,,
avalonia,summon-escape-lifecycle,28,0.000,pass,52628302,52628302,True,96,1380,516,680,360,,,,,,,
avalonia,summon-escape-lifecycle,29,0.000,pass,52628302,52628302,True,96,1380,516,680,360,,,,,,,
avalonia,summon-escape-lifecycle,30,0.000,pass,52628302,52628302,True,96,1380,516,680,360,,,,,,,
avalonia,summon-escape-lifecycle,31,0.000,pass,52628302,52628302,True,96,1380,516,680,360,,,,,,,
avalonia,summon-escape-lifecycle,32,0.000,pass,52628302,52628302,True,96,1380,516,680,360,,,,,,,
avalonia,summon-escape-lifecycle,33,0.000,pass,52628302,52628302,True,96,1380,516,680,360,,,,,,,
avalonia,summon-escape-lifecycle,34,0.000,pass,52628302,52628302,True,96,1380,516,680,360,,,,,,,
avalonia,summon-escape-lifecycle,35,0.000,pass,52628302,52628302,True,96,1380,516,680,360,,,,,,,
avalonia,summon-escape-lifecycle,36,0.000,pass,52628302,52628302,True,96,1380,516,680,360,,,,,,,
avalonia,summon-escape-lifecycle,37,0.000,pass,52628302,52628302,True,96,1380,516,680,360,,,,,,,
avalonia,summon-escape-lifecycle,38,0.000,pass,52628302,52628302,True,96,1380,516,680,360,,,,,,,
avalonia,summon-escape-lifecycle,39,0.000,pass,52628302,52628302,True,96,1380,516,680,360,,,,,,,
avalonia,summon-escape-lifecycle,40,0.000,pass,52628302,52628302,True,96,1380,516,680,360,,,,,,,
avalonia,summon-escape-lifecycle,41,0.000,pass,52628302,52628302,True,96,1380,516,680,360,,,,,,,
avalonia,summon-escape-lifecycle,42,0.000,pass,52628302,52628302,True,96,1380,516,680,360,,,,,,,
avalonia,summon-escape-lifecycle,43,0.000,pass,52628302,52628302,True,96,1380,516,680,360,,,,,,,
avalonia,summon-escape-lifecycle,44,0.000,pass,52628302,52628302,True,96,1380,516,680,360,,,,,,,
avalonia,summon-escape-lifecycle,45,0.000,pass,52628302,52628302,True,96,1380,516,680,360,,,,,,,
avalonia,summon-escape-lifecycle,46,0.000,pass,52628302,52628302,True,96,1380,516,680,360,,,,,,,
avalonia,summon-escape-lifecycle,47,0.000,pass,52628302,52628302,True,96,1380,516,680,360,,,,,,,
avalonia,summon-escape-lifecycle,48,0.000,pass,52628302,52628302,True,96,1380,516,680,360,,,,,,,
avalonia,summon-escape-lifecycle,49,0.000,pass,52628302,52628302,True,96,1380,516,680,360,,,,,,,
avalonia,summon-escape-lifecycle,50,0.000,pass,52628302,52628302,True,96,1380,516,680,360,,,,,,,
avalonia,resource-snapshot,50,0.000,observed,,,,,,,,,,,215420928,225775616,927,247,75
avalonia,summon-escape-lifecycle,51,0.000,pass,52628302,52628302,True,96,1380,516,680,360,,,,,,,
avalonia,summon-escape-lifecycle,52,0.000,pass,52628302,52628302,True,96,1380,516,680,360,,,,,,,
avalonia,summon-escape-lifecycle,53,0.000,pass,52628302,52628302,True,96,1380,516,680,360,,,,,,,
avalonia,summon-escape-lifecycle,54,0.000,pass,52628302,52628302,True,96,1380,516,680,360,,,,,,,
avalonia,summon-escape-lifecycle,55,0.000,pass,52628302,52628302,True,96,1380,516,680,360,,,,,,,
avalonia,summon-escape-lifecycle,56,0.000,pass,52628302,52628302,True,96,1380,516,680,360,,,,,,,
avalonia,summon-escape-lifecycle,57,0.000,pass,52628302,52628302,True,96,1380,516,680,360,,,,,,,
avalonia,summon-escape-lifecycle,58,0.000,pass,52628302,52628302,True,96,1380,516,680,360,,,,,,,
avalonia,summon-escape-lifecycle,59,0.000,pass,52628302,52628302,True,96,1380,516,680,360,,,,,,,
avalonia,summon-escape-lifecycle,60,0.000,pass,52628302,52628302,True,96,1380,516,680,360,,,,,,,
avalonia,summon-escape-lifecycle,61,0.000,pass,52628302,52628302,True,96,1380,516,680,360,,,,,,,
avalonia,summon-escape-lifecycle,62,0.000,pass,52628302,52628302,True,96,1380,516,680,360,,,,,,,
avalonia,summon-escape-lifecycle,63,0.000,pass,52628302,52628302,True,96,1380,516,680,360,,,,,,,
avalonia,summon-escape-lifecycle,64,0.000,pass,52628302,52628302,True,96,1380,516,680,360,,,,,,,
avalonia,summon-escape-lifecycle,65,0.000,pass,52628302,52628302,True,96,1380,516,680,360,,,,,,,
avalonia,summon-escape-lifecycle,66,0.000,pass,52628302,52628302,True,96,1380,516,680,360,,,,,,,
avalonia,summon-escape-lifecycle,67,0.000,pass,52628302,52628302,True,96,1380,516,680,360,,,,,,,
avalonia,summon-escape-lifecycle,68,0.000,pass,52628302,52628302,True,96,1380,516,680,360,,,,,,,
avalonia,summon-escape-lifecycle,69,0.000,pass,52628302,52628302,True,96,1380,516,680,360,,,,,,,
avalonia,summon-escape-lifecycle,70,0.000,pass,52628302,52628302,True,96,1380,516,680,360,,,,,,,
avalonia,summon-escape-lifecycle,71,0.000,pass,52628302,52628302,True,96,1380,516,680,360,,,,,,,
avalonia,summon-escape-lifecycle,72,0.000,pass,52628302,52628302,True,96,1380,516,680,360,,,,,,,
avalonia,summon-escape-lifecycle,73,0.000,pass,52628302,52628302,True,96,1380,516,680,360,,,,,,,
avalonia,summon-escape-lifecycle,74,0.000,pass,52628302,52628302,True,96,1380,516,680,360,,,,,,,
avalonia,summon-escape-lifecycle,75,0.000,pass,52628302,52628302,True,96,1380,516,680,360,,,,,,,
avalonia,summon-escape-lifecycle,76,0.000,pass,52628302,52628302,True,96,1380,516,680,360,,,,,,,
avalonia,summon-escape-lifecycle,77,0.000,pass,52628302,52628302,True,96,1380,516,680,360,,,,,,,
avalonia,summon-escape-lifecycle,78,0.000,pass,52628302,52628302,True,96,1380,516,680,360,,,,,,,
avalonia,summon-escape-lifecycle,79,0.000,pass,52628302,52628302,True,96,1380,516,680,360,,,,,,,
avalonia,summon-escape-lifecycle,80,0.000,pass,52628302,52628302,True,96,1380,516,680,360,,,,,,,
avalonia,summon-escape-lifecycle,81,0.000,pass,52628302,52628302,True,96,1380,516,680,360,,,,,,,
avalonia,summon-escape-lifecycle,82,0.000,pass,52628302,52628302,True,96,1380,516,680,360,,,,,,,
avalonia,summon-escape-lifecycle,83,0.000,pass,52628302,52628302,True,96,1380,516,680,360,,,,,,,
avalonia,summon-escape-lifecycle,84,0.000,pass,52628302,52628302,True,96,1380,516,680,360,,,,,,,
avalonia,summon-escape-lifecycle,85,0.000,pass,52628302,52628302,True,96,1380,516,680,360,,,,,,,
avalonia,summon-escape-lifecycle,86,0.000,pass,52628302,52628302,True,96,1380,516,680,360,,,,,,,
avalonia,summon-escape-lifecycle,87,0.000,pass,52628302,52628302,True,96,1380,516,680,360,,,,,,,
avalonia,summon-escape-lifecycle,88,0.000,pass,52628302,52628302,True,96,1380,516,680,360,,,,,,,
avalonia,summon-escape-lifecycle,89,0.000,pass,52628302,52628302,True,96,1380,516,680,360,,,,,,,
avalonia,summon-escape-lifecycle,90,0.000,pass,52628302,52628302,True,96,1380,516,680,360,,,,,,,
avalonia,summon-escape-lifecycle,91,0.000,pass,52628302,52628302,True,96,1380,516,680,360,,,,,,,
avalonia,summon-escape-lifecycle,92,0.000,pass,52628302,52628302,True,96,1380,516,680,360,,,,,,,
avalonia,summon-escape-lifecycle,93,0.000,pass,52628302,52628302,True,96,1380,516,680,360,,,,,,,
avalonia,summon-escape-lifecycle,94,0.000,pass,52628302,52628302,True,96,1380,516,680,360,,,,,,,
avalonia,summon-escape-lifecycle,95,0.000,pass,52628302,52628302,True,96,1380,516,680,360,,,,,,,
avalonia,summon-escape-lifecycle,96,0.000,pass,52628302,52628302,True,96,1380,516,680,360,,,,,,,
avalonia,summon-escape-lifecycle,97,0.000,pass,52628302,52628302,True,96,1380,516,680,360,,,,,,,
avalonia,summon-escape-lifecycle,98,0.000,pass,52628302,52628302,True,96,1380,516,680,360,,,,,,,
avalonia,summon-escape-lifecycle,99,0.000,pass,52628302,52628302,True,96,1380,516,680,360,,,,,,,
avalonia,summon-escape-lifecycle,100,0.000,pass,52628302,52628302,True,96,1380,516,680,360,,,,,,,
avalonia,resource-snapshot,100,0.000,observed,,,,,,,,,,,211542016,222760960,931,297,75
avalonia,summon-escape-lifecycle,101,0.000,pass,52628302,52628302,True,96,1380,516,680,360,,,,,,,
avalonia,summon-escape-lifecycle,102,0.000,pass,52628302,52628302,True,96,1380,516,680,360,,,,,,,
avalonia,summon-escape-lifecycle,103,0.000,pass,52628302,52628302,True,96,1380,516,680,360,,,,,,,
avalonia,summon-escape-lifecycle,104,0.000,pass,52628302,52628302,True,96,1380,516,680,360,,,,,,,
avalonia,summon-escape-lifecycle,105,0.000,pass,52628302,52628302,True,96,1380,516,680,360,,,,,,,
avalonia,summon-escape-lifecycle,106,0.000,pass,52628302,52628302,True,96,1380,516,680,360,,,,,,,
avalonia,summon-escape-lifecycle,107,0.000,pass,52628302,52628302,True,96,1380,516,680,360,,,,,,,
avalonia,summon-escape-lifecycle,108,0.000,pass,52628302,52628302,True,96,1380,516,680,360,,,,,,,
avalonia,summon-escape-lifecycle,109,0.000,pass,52628302,52628302,True,96,1380,516,680,360,,,,,,,
avalonia,summon-escape-lifecycle,110,0.000,pass,52628302,52628302,True,96,1380,516,680,360,,,,,,,
avalonia,summon-escape-lifecycle,111,0.000,pass,52628302,52628302,True,96,1380,516,680,360,,,,,,,
avalonia,summon-escape-lifecycle,112,0.000,pass,52628302,52628302,True,96,1380,516,680,360,,,,,,,
avalonia,summon-escape-lifecycle,113,0.000,pass,52628302,52628302,True,96,1380,516,680,360,,,,,,,
avalonia,summon-escape-lifecycle,114,0.000,pass,52628302,52628302,True,96,1380,516,680,360,,,,,,,
avalonia,summon-escape-lifecycle,115,0.000,pass,52628302,52628302,True,96,1380,516,680,360,,,,,,,
avalonia,summon-escape-lifecycle,116,0.000,pass,52628302,52628302,True,96,1380,516,680,360,,,,,,,
avalonia,summon-escape-lifecycle,117,0.000,pass,52628302,52628302,True,96,1380,516,680,360,,,,,,,
avalonia,summon-escape-lifecycle,118,0.000,pass,52628302,52628302,True,96,1380,516,680,360,,,,,,,
avalonia,summon-escape-lifecycle,119,0.000,pass,52628302,52628302,True,96,1380,516,680,360,,,,,,,
avalonia,summon-escape-lifecycle,120,0.000,pass,52628302,52628302,True,96,1380,516,680,360,,,,,,,
avalonia,summon-escape-lifecycle,121,0.000,pass,52628302,52628302,True,96,1380,516,680,360,,,,,,,
avalonia,summon-escape-lifecycle,122,0.000,pass,52628302,52628302,True,96,1380,516,680,360,,,,,,,
avalonia,summon-escape-lifecycle,123,0.000,pass,52628302,52628302,True,96,1380,516,680,360,,,,,,,
avalonia,summon-escape-lifecycle,124,0.000,pass,52628302,52628302,True,96,1380,516,680,360,,,,,,,
avalonia,summon-escape-lifecycle,125,0.000,pass,52628302,52628302,True,96,1380,516,680,360,,,,,,,
avalonia,summon-escape-lifecycle,126,0.000,pass,52628302,52628302,True,96,1380,516,680,360,,,,,,,
avalonia,summon-escape-lifecycle,127,0.000,pass,52628302,52628302,True,96,1380,516,680,360,,,,,,,
avalonia,summon-escape-lifecycle,128,0.000,pass,52628302,52628302,True,96,1380,516,680,360,,,,,,,
avalonia,summon-escape-lifecycle,129,0.000,pass,52628302,52628302,True,96,1380,516,680,360,,,,,,,
avalonia,summon-escape-lifecycle,130,0.000,pass,52628302,52628302,True,96,1380,516,680,360,,,,,,,
avalonia,summon-escape-lifecycle,131,0.000,pass,52628302,52628302,True,96,1380,516,680,360,,,,,,,
avalonia,summon-escape-lifecycle,132,0.000,pass,52628302,52628302,True,96,1380,516,680,360,,,,,,,
avalonia,summon-escape-lifecycle,133,0.000,pass,52628302,52628302,True,96,1380,516,680,360,,,,,,,
avalonia,summon-escape-lifecycle,134,0.000,pass,52628302,52628302,True,96,1380,516,680,360,,,,,,,
avalonia,summon-escape-lifecycle,135,0.000,pass,52628302,52628302,True,96,1380,516,680,360,,,,,,,
avalonia,summon-escape-lifecycle,136,0.000,pass,52628302,52628302,True,96,1380,516,680,360,,,,,,,
avalonia,summon-escape-lifecycle,137,0.000,pass,52628302,52628302,True,96,1380,516,680,360,,,,,,,
avalonia,summon-escape-lifecycle,138,0.000,pass,52628302,52628302,True,96,1380,516,680,360,,,,,,,
avalonia,summon-escape-lifecycle,139,0.000,pass,52628302,52628302,True,96,1380,516,680,360,,,,,,,
avalonia,summon-escape-lifecycle,140,0.000,pass,52628302,52628302,True,96,1380,516,680,360,,,,,,,
avalonia,summon-escape-lifecycle,141,0.000,pass,52628302,52628302,True,96,1380,516,680,360,,,,,,,
avalonia,summon-escape-lifecycle,142,0.000,pass,52628302,52628302,True,96,1380,516,680,360,,,,,,,
avalonia,summon-escape-lifecycle,143,0.000,pass,52628302,52628302,True,96,1380,516,680,360,,,,,,,
avalonia,summon-escape-lifecycle,144,0.000,pass,52628302,52628302,True,96,1380,516,680,360,,,,,,,
avalonia,summon-escape-lifecycle,145,0.000,pass,52628302,52628302,True,96,1380,516,680,360,,,,,,,
avalonia,summon-escape-lifecycle,146,0.000,pass,52628302,52628302,True,96,1380,516,680,360,,,,,,,
avalonia,summon-escape-lifecycle,147,0.000,pass,52628302,52628302,True,96,1380,516,680,360,,,,,,,
avalonia,summon-escape-lifecycle,148,0.000,pass,52628302,52628302,True,96,1380,516,680,360,,,,,,,
avalonia,summon-escape-lifecycle,149,0.000,pass,52628302,52628302,True,96,1380,516,680,360,,,,,,,
avalonia,summon-escape-lifecycle,150,0.000,pass,52628302,52628302,True,96,1380,516,680,360,,,,,,,
avalonia,summon-escape-lifecycle,151,0.000,pass,52628302,52628302,True,96,1380,516,680,360,,,,,,,
avalonia,summon-escape-lifecycle,152,0.000,pass,52628302,52628302,True,96,1380,516,680,360,,,,,,,
avalonia,summon-escape-lifecycle,153,0.000,pass,52628302,52628302,True,96,1380,516,680,360,,,,,,,
avalonia,summon-escape-lifecycle,154,0.000,pass,52628302,52628302,True,96,1380,516,680,360,,,,,,,
avalonia,summon-escape-lifecycle,155,0.000,pass,52628302,52628302,True,96,1380,516,680,360,,,,,,,
avalonia,summon-escape-lifecycle,156,0.000,pass,52628302,52628302,True,96,1380,516,680,360,,,,,,,
avalonia,summon-escape-lifecycle,157,0.000,pass,52628302,52628302,True,96,1380,516,680,360,,,,,,,
avalonia,summon-escape-lifecycle,158,0.000,pass,52628302,52628302,True,96,1380,516,680,360,,,,,,,
avalonia,summon-escape-lifecycle,159,0.000,pass,52628302,52628302,True,96,1380,516,680,360,,,,,,,
avalonia,summon-escape-lifecycle,160,0.000,pass,52628302,52628302,True,96,1380,516,680,360,,,,,,,
avalonia,summon-escape-lifecycle,161,0.000,pass,52628302,52628302,True,96,1380,516,680,360,,,,,,,
avalonia,summon-escape-lifecycle,162,0.000,pass,52628302,52628302,True,96,1380,516,680,360,,,,,,,
avalonia,summon-escape-lifecycle,163,0.000,pass,52628302,52628302,True,96,1380,516,680,360,,,,,,,
avalonia,summon-escape-lifecycle,164,0.000,pass,52628302,52628302,True,96,1380,516,680,360,,,,,,,
avalonia,summon-escape-lifecycle,165,0.000,pass,52628302,52628302,True,96,1380,516,680,360,,,,,,,
avalonia,summon-escape-lifecycle,166,0.000,pass,52628302,52628302,True,96,1380,516,680,360,,,,,,,
avalonia,summon-escape-lifecycle,167,0.000,pass,52628302,52628302,True,96,1380,516,680,360,,,,,,,
avalonia,summon-escape-lifecycle,168,0.000,pass,52628302,52628302,True,96,1380,516,680,360,,,,,,,
avalonia,summon-escape-lifecycle,169,0.000,pass,52628302,52628302,True,96,1380,516,680,360,,,,,,,
avalonia,summon-escape-lifecycle,170,0.000,pass,52628302,52628302,True,96,1380,516,680,360,,,,,,,
avalonia,summon-escape-lifecycle,171,0.000,pass,52628302,52628302,True,96,1380,516,680,360,,,,,,,
avalonia,summon-escape-lifecycle,172,0.000,pass,52628302,52628302,True,96,1380,516,680,360,,,,,,,
avalonia,summon-escape-lifecycle,173,0.000,pass,52628302,52628302,True,96,1380,516,680,360,,,,,,,
avalonia,summon-escape-lifecycle,174,0.000,pass,52628302,52628302,True,96,1380,516,680,360,,,,,,,
avalonia,summon-escape-lifecycle,175,0.000,pass,52628302,52628302,True,96,1380,516,680,360,,,,,,,
avalonia,summon-escape-lifecycle,176,0.000,pass,52628302,52628302,True,96,1380,516,680,360,,,,,,,
avalonia,summon-escape-lifecycle,177,0.000,pass,52628302,52628302,True,96,1380,516,680,360,,,,,,,
avalonia,summon-escape-lifecycle,178,0.000,pass,52628302,52628302,True,96,1380,516,680,360,,,,,,,
avalonia,summon-escape-lifecycle,179,0.000,pass,52628302,52628302,True,96,1380,516,680,360,,,,,,,
avalonia,summon-escape-lifecycle,180,0.000,pass,52628302,52628302,True,96,1380,516,680,360,,,,,,,
avalonia,summon-escape-lifecycle,181,0.000,pass,52628302,52628302,True,96,1380,516,680,360,,,,,,,
avalonia,summon-escape-lifecycle,182,0.000,pass,52628302,52628302,True,96,1380,516,680,360,,,,,,,
avalonia,summon-escape-lifecycle,183,0.000,pass,52628302,52628302,True,96,1380,516,680,360,,,,,,,
avalonia,summon-escape-lifecycle,184,0.000,pass,52628302,52628302,True,96,1380,516,680,360,,,,,,,
avalonia,summon-escape-lifecycle,185,0.000,pass,52628302,52628302,True,96,1380,516,680,360,,,,,,,
avalonia,summon-escape-lifecycle,186,0.000,pass,52628302,52628302,True,96,1380,516,680,360,,,,,,,
avalonia,summon-escape-lifecycle,187,0.000,pass,52628302,52628302,True,96,1380,516,680,360,,,,,,,
avalonia,summon-escape-lifecycle,188,0.000,pass,52628302,52628302,True,96,1380,516,680,360,,,,,,,
avalonia,summon-escape-lifecycle,189,0.000,pass,52628302,52628302,True,96,1380,516,680,360,,,,,,,
avalonia,summon-escape-lifecycle,190,0.000,pass,52628302,52628302,True,96,1380,516,680,360,,,,,,,
avalonia,summon-escape-lifecycle,191,0.000,pass,52628302,52628302,True,96,1380,516,680,360,,,,,,,
avalonia,summon-escape-lifecycle,192,0.000,pass,52628302,52628302,True,96,1380,516,680,360,,,,,,,
avalonia,summon-escape-lifecycle,193,0.000,pass,52628302,52628302,True,96,1380,516,680,360,,,,,,,
avalonia,summon-escape-lifecycle,194,0.000,pass,52628302,52628302,True,96,1380,516,680,360,,,,,,,
avalonia,summon-escape-lifecycle,195,0.000,pass,52628302,52628302,True,96,1380,516,680,360,,,,,,,
avalonia,summon-escape-lifecycle,196,0.000,pass,52628302,52628302,True,96,1380,516,680,360,,,,,,,
avalonia,summon-escape-lifecycle,197,0.000,pass,52628302,52628302,True,96,1380,516,680,360,,,,,,,
avalonia,summon-escape-lifecycle,198,0.000,pass,52628302,52628302,True,96,1380,516,680,360,,,,,,,
avalonia,summon-escape-lifecycle,199,0.000,pass,52628302,52628302,True,96,1380,516,680,360,,,,,,,
avalonia,summon-escape-lifecycle,200,0.000,pass,52628302,52628302,True,96,1380,516,680,360,,,,,,,
avalonia,summon-escape-lifecycle,201,0.000,pass,52628302,52628302,True,96,1380,516,680,360,,,,,,,
avalonia,summon-escape-lifecycle,202,0.000,pass,52628302,52628302,True,96,1380,516,680,360,,,,,,,
avalonia,summon-escape-lifecycle,203,0.000,pass,52628302,52628302,True,96,1380,516,680,360,,,,,,,
avalonia,summon-escape-lifecycle,204,0.000,pass,52628302,52628302,True,96,1380,516,680,360,,,,,,,
avalonia,summon-escape-lifecycle,205,0.000,pass,52628302,52628302,True,96,1380,516,680,360,,,,,,,
avalonia,summon-escape-lifecycle,206,0.000,pass,52628302,52628302,True,96,1380,516,680,360,,,,,,,
avalonia,summon-escape-lifecycle,207,0.000,pass,52628302,52628302,True,96,1380,516,680,360,,,,,,,
avalonia,summon-escape-lifecycle,208,0.000,pass,52628302,52628302,True,96,1380,516,680,360,,,,,,,
avalonia,summon-escape-lifecycle,209,0.000,pass,52628302,52628302,True,96,1380,516,680,360,,,,,,,
avalonia,summon-escape-lifecycle,210,0.000,pass,52628302,52628302,True,96,1380,516,680,360,,,,,,,
avalonia,summon-escape-lifecycle,211,0.000,pass,52628302,52628302,True,96,1380,516,680,360,,,,,,,
avalonia,summon-escape-lifecycle,212,0.000,pass,52628302,52628302,True,96,1380,516,680,360,,,,,,,
avalonia,summon-escape-lifecycle,213,0.000,pass,52628302,52628302,True,96,1380,516,680,360,,,,,,,
avalonia,summon-escape-lifecycle,214,0.000,pass,52628302,52628302,True,96,1380,516,680,360,,,,,,,
avalonia,summon-escape-lifecycle,215,0.000,pass,52628302,52628302,True,96,1380,516,680,360,,,,,,,
avalonia,summon-escape-lifecycle,216,0.000,pass,52628302,52628302,True,96,1380,516,680,360,,,,,,,
avalonia,summon-escape-lifecycle,217,0.000,pass,52628302,52628302,True,96,1380,516,680,360,,,,,,,
avalonia,summon-escape-lifecycle,218,0.000,pass,52628302,52628302,True,96,1380,516,680,360,,,,,,,
avalonia,summon-escape-lifecycle,219,0.000,pass,52628302,52628302,True,96,1380,516,680,360,,,,,,,
avalonia,summon-escape-lifecycle,220,0.000,pass,52628302,52628302,True,96,1380,516,680,360,,,,,,,
avalonia,summon-escape-lifecycle,221,0.000,pass,52628302,52628302,True,96,1380,516,680,360,,,,,,,
avalonia,summon-escape-lifecycle,222,0.000,pass,52628302,52628302,True,96,1380,516,680,360,,,,,,,
avalonia,summon-escape-lifecycle,223,0.000,pass,52628302,52628302,True,96,1380,516,680,360,,,,,,,
avalonia,summon-escape-lifecycle,224,0.000,pass,52628302,52628302,True,96,1380,516,680,360,,,,,,,
avalonia,summon-escape-lifecycle,225,0.000,pass,52628302,52628302,True,96,1380,516,680,360,,,,,,,
avalonia,summon-escape-lifecycle,226,0.000,pass,52628302,52628302,True,96,1380,516,680,360,,,,,,,
avalonia,summon-escape-lifecycle,227,0.000,pass,52628302,52628302,True,96,1380,516,680,360,,,,,,,
avalonia,summon-escape-lifecycle,228,0.000,pass,52628302,52628302,True,96,1380,516,680,360,,,,,,,
avalonia,summon-escape-lifecycle,229,0.000,pass,52628302,52628302,True,96,1380,516,680,360,,,,,,,
avalonia,summon-escape-lifecycle,230,0.000,pass,52628302,52628302,True,96,1380,516,680,360,,,,,,,
avalonia,summon-escape-lifecycle,231,0.000,pass,52628302,52628302,True,96,1380,516,680,360,,,,,,,
avalonia,summon-escape-lifecycle,232,0.000,pass,52628302,52628302,True,96,1380,516,680,360,,,,,,,
avalonia,summon-escape-lifecycle,233,0.000,pass,52628302,52628302,True,96,1380,516,680,360,,,,,,,
avalonia,summon-escape-lifecycle,234,0.000,pass,52628302,52628302,True,96,1380,516,680,360,,,,,,,
avalonia,summon-escape-lifecycle,235,0.000,pass,52628302,52628302,True,96,1380,516,680,360,,,,,,,
avalonia,summon-escape-lifecycle,236,0.000,pass,52628302,52628302,True,96,1380,516,680,360,,,,,,,
avalonia,summon-escape-lifecycle,237,0.000,pass,52628302,52628302,True,96,1380,516,680,360,,,,,,,
avalonia,summon-escape-lifecycle,238,0.000,pass,52628302,52628302,True,96,1380,516,680,360,,,,,,,
avalonia,summon-escape-lifecycle,239,0.000,pass,52628302,52628302,True,96,1380,516,680,360,,,,,,,
avalonia,summon-escape-lifecycle,240,0.000,pass,52628302,52628302,True,96,1380,516,680,360,,,,,,,
avalonia,summon-escape-lifecycle,241,0.000,pass,52628302,52628302,True,96,1380,516,680,360,,,,,,,
avalonia,summon-escape-lifecycle,242,0.000,pass,52628302,52628302,True,96,1380,516,680,360,,,,,,,
avalonia,summon-escape-lifecycle,243,0.000,pass,52628302,52628302,True,96,1380,516,680,360,,,,,,,
avalonia,summon-escape-lifecycle,244,0.000,pass,52628302,52628302,True,96,1380,516,680,360,,,,,,,
avalonia,summon-escape-lifecycle,245,0.000,pass,52628302,52628302,True,96,1380,516,680,360,,,,,,,
avalonia,summon-escape-lifecycle,246,0.000,pass,52628302,52628302,True,96,1380,516,680,360,,,,,,,
avalonia,summon-escape-lifecycle,247,0.000,pass,52628302,52628302,True,96,1380,516,680,360,,,,,,,
avalonia,summon-escape-lifecycle,248,0.000,pass,52628302,52628302,True,96,1380,516,680,360,,,,,,,
avalonia,summon-escape-lifecycle,249,0.000,pass,52628302,52628302,True,96,1380,516,680,360,,,,,,,
avalonia,summon-escape-lifecycle,250,0.000,pass,52628302,52628302,True,96,1380,516,680,360,,,,,,,
avalonia,resource-snapshot,250,0.000,observed,,,,,,,,,,,214380544,225288192,926,447,75
avalonia,summon-escape-lifecycle,251,0.000,pass,52628302,52628302,True,96,1380,516,680,360,,,,,,,
avalonia,summon-escape-lifecycle,252,0.000,pass,52628302,52628302,True,96,1380,516,680,360,,,,,,,
avalonia,summon-escape-lifecycle,253,0.000,pass,52628302,52628302,True,96,1380,516,680,360,,,,,,,
avalonia,summon-escape-lifecycle,254,0.000,pass,52628302,52628302,True,96,1380,516,680,360,,,,,,,
avalonia,summon-escape-lifecycle,255,0.000,pass,52628302,52628302,True,96,1380,516,680,360,,,,,,,
avalonia,summon-escape-lifecycle,256,0.000,pass,52628302,52628302,True,96,1380,516,680,360,,,,,,,
avalonia,summon-escape-lifecycle,257,0.000,pass,52628302,52628302,True,96,1380,516,680,360,,,,,,,
avalonia,summon-escape-lifecycle,258,0.000,pass,52628302,52628302,True,96,1380,516,680,360,,,,,,,
avalonia,summon-escape-lifecycle,259,0.000,pass,52628302,52628302,True,96,1380,516,680,360,,,,,,,
avalonia,summon-escape-lifecycle,260,0.000,pass,52628302,52628302,True,96,1380,516,680,360,,,,,,,
avalonia,summon-escape-lifecycle,261,0.000,pass,52628302,52628302,True,96,1380,516,680,360,,,,,,,
avalonia,summon-escape-lifecycle,262,0.000,pass,52628302,52628302,True,96,1380,516,680,360,,,,,,,
avalonia,summon-escape-lifecycle,263,0.000,pass,52628302,52628302,True,96,1380,516,680,360,,,,,,,
avalonia,summon-escape-lifecycle,264,0.000,pass,52628302,52628302,True,96,1380,516,680,360,,,,,,,
avalonia,summon-escape-lifecycle,265,0.000,pass,52628302,52628302,True,96,1380,516,680,360,,,,,,,
avalonia,summon-escape-lifecycle,266,0.000,pass,52628302,52628302,True,96,1380,516,680,360,,,,,,,
avalonia,summon-escape-lifecycle,267,0.000,pass,52628302,52628302,True,96,1380,516,680,360,,,,,,,
avalonia,summon-escape-lifecycle,268,0.000,pass,52628302,52628302,True,96,1380,516,680,360,,,,,,,
avalonia,summon-escape-lifecycle,269,0.000,pass,52628302,52628302,True,96,1380,516,680,360,,,,,,,
avalonia,summon-escape-lifecycle,270,0.000,pass,52628302,52628302,True,96,1380,516,680,360,,,,,,,
avalonia,summon-escape-lifecycle,271,0.000,pass,52628302,52628302,True,96,1380,516,680,360,,,,,,,
avalonia,summon-escape-lifecycle,272,0.000,pass,52628302,52628302,True,96,1380,516,680,360,,,,,,,
avalonia,summon-escape-lifecycle,273,0.000,pass,52628302,52628302,True,96,1380,516,680,360,,,,,,,
avalonia,summon-escape-lifecycle,274,0.000,pass,52628302,52628302,True,96,1380,516,680,360,,,,,,,
avalonia,summon-escape-lifecycle,275,0.000,pass,52628302,52628302,True,96,1380,516,680,360,,,,,,,
avalonia,summon-escape-lifecycle,276,0.000,pass,52628302,52628302,True,96,1380,516,680,360,,,,,,,
avalonia,summon-escape-lifecycle,277,0.000,pass,52628302,52628302,True,96,1380,516,680,360,,,,,,,
avalonia,summon-escape-lifecycle,278,0.000,pass,52628302,52628302,True,96,1380,516,680,360,,,,,,,
avalonia,summon-escape-lifecycle,279,0.000,pass,52628302,52628302,True,96,1380,516,680,360,,,,,,,
avalonia,summon-escape-lifecycle,280,0.000,pass,52628302,52628302,True,96,1380,516,680,360,,,,,,,
avalonia,summon-escape-lifecycle,281,0.000,pass,52628302,52628302,True,96,1380,516,680,360,,,,,,,
avalonia,summon-escape-lifecycle,282,0.000,pass,52628302,52628302,True,96,1380,516,680,360,,,,,,,
avalonia,summon-escape-lifecycle,283,0.000,pass,52628302,52628302,True,96,1380,516,680,360,,,,,,,
avalonia,summon-escape-lifecycle,284,0.000,pass,52628302,52628302,True,96,1380,516,680,360,,,,,,,
avalonia,summon-escape-lifecycle,285,0.000,pass,52628302,52628302,True,96,1380,516,680,360,,,,,,,
avalonia,summon-escape-lifecycle,286,0.000,pass,52628302,52628302,True,96,1380,516,680,360,,,,,,,
avalonia,summon-escape-lifecycle,287,0.000,pass,52628302,52628302,True,96,1380,516,680,360,,,,,,,
avalonia,summon-escape-lifecycle,288,0.000,pass,52628302,52628302,True,96,1380,516,680,360,,,,,,,
avalonia,summon-escape-lifecycle,289,0.000,pass,52628302,52628302,True,96,1380,516,680,360,,,,,,,
avalonia,summon-escape-lifecycle,290,0.000,pass,52628302,52628302,True,96,1380,516,680,360,,,,,,,
avalonia,summon-escape-lifecycle,291,0.000,pass,52628302,52628302,True,96,1380,516,680,360,,,,,,,
avalonia,summon-escape-lifecycle,292,0.000,pass,52628302,52628302,True,96,1380,516,680,360,,,,,,,
avalonia,summon-escape-lifecycle,293,0.000,pass,52628302,52628302,True,96,1380,516,680,360,,,,,,,
avalonia,summon-escape-lifecycle,294,0.000,pass,52628302,52628302,True,96,1380,516,680,360,,,,,,,
avalonia,summon-escape-lifecycle,295,0.000,pass,52628302,52628302,True,96,1380,516,680,360,,,,,,,
avalonia,summon-escape-lifecycle,296,0.000,pass,52628302,52628302,True,96,1380,516,680,360,,,,,,,
avalonia,summon-escape-lifecycle,297,0.000,pass,52628302,52628302,True,96,1380,516,680,360,,,,,,,
avalonia,summon-escape-lifecycle,298,0.000,pass,52628302,52628302,True,96,1380,516,680,360,,,,,,,
avalonia,summon-escape-lifecycle,299,0.000,pass,52628302,52628302,True,96,1380,516,680,360,,,,,,,
avalonia,summon-escape-lifecycle,300,0.000,pass,52628302,52628302,True,96,1380,516,680,360,,,,,,,
avalonia,summon-escape-lifecycle,301,0.000,pass,52628302,52628302,True,96,1380,516,680,360,,,,,,,
avalonia,summon-escape-lifecycle,302,0.000,pass,52628302,52628302,True,96,1380,516,680,360,,,,,,,
avalonia,summon-escape-lifecycle,303,0.000,pass,52628302,52628302,True,96,1380,516,680,360,,,,,,,
avalonia,summon-escape-lifecycle,304,0.000,pass,52628302,52628302,True,96,1380,516,680,360,,,,,,,
avalonia,summon-escape-lifecycle,305,0.000,pass,52628302,52628302,True,96,1380,516,680,360,,,,,,,
avalonia,summon-escape-lifecycle,306,0.000,pass,52628302,52628302,True,96,1380,516,680,360,,,,,,,
avalonia,summon-escape-lifecycle,307,0.000,pass,52628302,52628302,True,96,1380,516,680,360,,,,,,,
avalonia,summon-escape-lifecycle,308,0.000,pass,52628302,52628302,True,96,1380,516,680,360,,,,,,,
avalonia,summon-escape-lifecycle,309,0.000,pass,52628302,52628302,True,96,1380,516,680,360,,,,,,,
avalonia,summon-escape-lifecycle,310,0.000,pass,52628302,52628302,True,96,1380,516,680,360,,,,,,,
avalonia,summon-escape-lifecycle,311,0.000,pass,52628302,52628302,True,96,1380,516,680,360,,,,,,,
avalonia,summon-escape-lifecycle,312,0.000,pass,52628302,52628302,True,96,1380,516,680,360,,,,,,,
avalonia,summon-escape-lifecycle,313,0.000,pass,52628302,52628302,True,96,1380,516,680,360,,,,,,,
avalonia,summon-escape-lifecycle,314,0.000,pass,52628302,52628302,True,96,1380,516,680,360,,,,,,,
avalonia,summon-escape-lifecycle,315,0.000,pass,52628302,52628302,True,96,1380,516,680,360,,,,,,,
avalonia,summon-escape-lifecycle,316,0.000,pass,52628302,52628302,True,96,1380,516,680,360,,,,,,,
avalonia,summon-escape-lifecycle,317,0.000,pass,52628302,52628302,True,96,1380,516,680,360,,,,,,,
avalonia,summon-escape-lifecycle,318,0.000,pass,52628302,52628302,True,96,1380,516,680,360,,,,,,,
avalonia,summon-escape-lifecycle,319,0.000,pass,52628302,52628302,True,96,1380,516,680,360,,,,,,,
avalonia,summon-escape-lifecycle,320,0.000,pass,52628302,52628302,True,96,1380,516,680,360,,,,,,,
avalonia,summon-escape-lifecycle,321,0.000,pass,52628302,52628302,True,96,1380,516,680,360,,,,,,,
avalonia,summon-escape-lifecycle,322,0.000,pass,52628302,52628302,True,96,1380,516,680,360,,,,,,,
avalonia,summon-escape-lifecycle,323,0.000,pass,52628302,52628302,True,96,1380,516,680,360,,,,,,,
avalonia,summon-escape-lifecycle,324,0.000,pass,52628302,52628302,True,96,1380,516,680,360,,,,,,,
avalonia,summon-escape-lifecycle,325,0.000,pass,52628302,52628302,True,96,1380,516,680,360,,,,,,,
avalonia,summon-escape-lifecycle,326,0.000,pass,52628302,52628302,True,96,1380,516,680,360,,,,,,,
avalonia,summon-escape-lifecycle,327,0.000,pass,52628302,52628302,True,96,1380,516,680,360,,,,,,,
avalonia,summon-escape-lifecycle,328,0.000,pass,52628302,52628302,True,96,1380,516,680,360,,,,,,,
avalonia,summon-escape-lifecycle,329,0.000,pass,52628302,52628302,True,96,1380,516,680,360,,,,,,,
avalonia,summon-escape-lifecycle,330,0.000,pass,52628302,52628302,True,96,1380,516,680,360,,,,,,,
avalonia,summon-escape-lifecycle,331,0.000,pass,52628302,52628302,True,96,1380,516,680,360,,,,,,,
avalonia,summon-escape-lifecycle,332,0.000,pass,52628302,52628302,True,96,1380,516,680,360,,,,,,,
avalonia,summon-escape-lifecycle,333,0.000,pass,52628302,52628302,True,96,1380,516,680,360,,,,,,,
avalonia,summon-escape-lifecycle,334,0.000,pass,52628302,52628302,True,96,1380,516,680,360,,,,,,,
avalonia,summon-escape-lifecycle,335,0.000,pass,52628302,52628302,True,96,1380,516,680,360,,,,,,,
avalonia,summon-escape-lifecycle,336,0.000,pass,52628302,52628302,True,96,1380,516,680,360,,,,,,,
avalonia,summon-escape-lifecycle,337,0.000,pass,52628302,52628302,True,96,1380,516,680,360,,,,,,,
avalonia,summon-escape-lifecycle,338,0.000,pass,52628302,52628302,True,96,1380,516,680,360,,,,,,,
avalonia,summon-escape-lifecycle,339,0.000,pass,52628302,52628302,True,96,1380,516,680,360,,,,,,,
avalonia,summon-escape-lifecycle,340,0.000,pass,52628302,52628302,True,96,1380,516,680,360,,,,,,,
avalonia,summon-escape-lifecycle,341,0.000,pass,52628302,52628302,True,96,1380,516,680,360,,,,,,,
avalonia,summon-escape-lifecycle,342,0.000,pass,52628302,52628302,True,96,1380,516,680,360,,,,,,,
avalonia,summon-escape-lifecycle,343,0.000,pass,52628302,52628302,True,96,1380,516,680,360,,,,,,,
avalonia,summon-escape-lifecycle,344,0.000,pass,52628302,52628302,True,96,1380,516,680,360,,,,,,,
avalonia,summon-escape-lifecycle,345,0.000,pass,52628302,52628302,True,96,1380,516,680,360,,,,,,,
avalonia,summon-escape-lifecycle,346,0.000,pass,52628302,52628302,True,96,1380,516,680,360,,,,,,,
avalonia,summon-escape-lifecycle,347,0.000,pass,52628302,52628302,True,96,1380,516,680,360,,,,,,,
avalonia,summon-escape-lifecycle,348,0.000,pass,52628302,52628302,True,96,1380,516,680,360,,,,,,,
avalonia,summon-escape-lifecycle,349,0.000,pass,52628302,52628302,True,96,1380,516,680,360,,,,,,,
avalonia,summon-escape-lifecycle,350,0.000,pass,52628302,52628302,True,96,1380,516,680,360,,,,,,,
avalonia,summon-escape-lifecycle,351,0.000,pass,52628302,52628302,True,96,1380,516,680,360,,,,,,,
avalonia,summon-escape-lifecycle,352,0.000,pass,52628302,52628302,True,96,1380,516,680,360,,,,,,,
avalonia,summon-escape-lifecycle,353,0.000,pass,52628302,52628302,True,96,1380,516,680,360,,,,,,,
avalonia,summon-escape-lifecycle,354,0.000,pass,52628302,52628302,True,96,1380,516,680,360,,,,,,,
avalonia,summon-escape-lifecycle,355,0.000,pass,52628302,52628302,True,96,1380,516,680,360,,,,,,,
avalonia,summon-escape-lifecycle,356,0.000,pass,52628302,52628302,True,96,1380,516,680,360,,,,,,,
avalonia,summon-escape-lifecycle,357,0.000,pass,52628302,52628302,True,96,1380,516,680,360,,,,,,,
avalonia,summon-escape-lifecycle,358,0.000,pass,52628302,52628302,True,96,1380,516,680,360,,,,,,,
avalonia,summon-escape-lifecycle,359,0.000,pass,52628302,52628302,True,96,1380,516,680,360,,,,,,,
avalonia,summon-escape-lifecycle,360,0.000,pass,52628302,52628302,True,96,1380,516,680,360,,,,,,,
avalonia,summon-escape-lifecycle,361,0.000,pass,52628302,52628302,True,96,1380,516,680,360,,,,,,,
avalonia,summon-escape-lifecycle,362,0.000,pass,52628302,52628302,True,96,1380,516,680,360,,,,,,,
avalonia,summon-escape-lifecycle,363,0.000,pass,52628302,52628302,True,96,1380,516,680,360,,,,,,,
avalonia,summon-escape-lifecycle,364,0.000,pass,52628302,52628302,True,96,1380,516,680,360,,,,,,,
avalonia,summon-escape-lifecycle,365,0.000,pass,52628302,52628302,True,96,1380,516,680,360,,,,,,,
avalonia,summon-escape-lifecycle,366,0.000,pass,52628302,52628302,True,96,1380,516,680,360,,,,,,,
avalonia,summon-escape-lifecycle,367,0.000,pass,52628302,52628302,True,96,1380,516,680,360,,,,,,,
avalonia,summon-escape-lifecycle,368,0.000,pass,52628302,52628302,True,96,1380,516,680,360,,,,,,,
avalonia,summon-escape-lifecycle,369,0.000,pass,52628302,52628302,True,96,1380,516,680,360,,,,,,,
avalonia,summon-escape-lifecycle,370,0.000,pass,52628302,52628302,True,96,1380,516,680,360,,,,,,,
avalonia,summon-escape-lifecycle,371,0.000,pass,52628302,52628302,True,96,1380,516,680,360,,,,,,,
avalonia,summon-escape-lifecycle,372,0.000,pass,52628302,52628302,True,96,1380,516,680,360,,,,,,,
avalonia,summon-escape-lifecycle,373,0.000,pass,52628302,52628302,True,96,1380,516,680,360,,,,,,,
avalonia,summon-escape-lifecycle,374,0.000,pass,52628302,52628302,True,96,1380,516,680,360,,,,,,,
avalonia,summon-escape-lifecycle,375,0.000,pass,52628302,52628302,True,96,1380,516,680,360,,,,,,,
avalonia,summon-escape-lifecycle,376,0.000,pass,52628302,52628302,True,96,1380,516,680,360,,,,,,,
avalonia,summon-escape-lifecycle,377,0.000,pass,52628302,52628302,True,96,1380,516,680,360,,,,,,,
avalonia,summon-escape-lifecycle,378,0.000,pass,52628302,52628302,True,96,1380,516,680,360,,,,,,,
avalonia,summon-escape-lifecycle,379,0.000,pass,52628302,52628302,True,96,1380,516,680,360,,,,,,,
avalonia,summon-escape-lifecycle,380,0.000,pass,52628302,52628302,True,96,1380,516,680,360,,,,,,,
avalonia,summon-escape-lifecycle,381,0.000,pass,52628302,52628302,True,96,1380,516,680,360,,,,,,,
avalonia,summon-escape-lifecycle,382,0.000,pass,52628302,52628302,True,96,1380,516,680,360,,,,,,,
avalonia,summon-escape-lifecycle,383,0.000,pass,52628302,52628302,True,96,1380,516,680,360,,,,,,,
avalonia,summon-escape-lifecycle,384,0.000,pass,52628302,52628302,True,96,1380,516,680,360,,,,,,,
avalonia,summon-escape-lifecycle,385,0.000,pass,52628302,52628302,True,96,1380,516,680,360,,,,,,,
avalonia,summon-escape-lifecycle,386,0.000,pass,52628302,52628302,True,96,1380,516,680,360,,,,,,,
avalonia,summon-escape-lifecycle,387,0.000,pass,52628302,52628302,True,96,1380,516,680,360,,,,,,,
avalonia,summon-escape-lifecycle,388,0.000,pass,52628302,52628302,True,96,1380,516,680,360,,,,,,,
avalonia,summon-escape-lifecycle,389,0.000,pass,52628302,52628302,True,96,1380,516,680,360,,,,,,,
avalonia,summon-escape-lifecycle,390,0.000,pass,52628302,52628302,True,96,1380,516,680,360,,,,,,,
avalonia,summon-escape-lifecycle,391,0.000,pass,52628302,52628302,True,96,1380,516,680,360,,,,,,,
avalonia,summon-escape-lifecycle,392,0.000,pass,52628302,52628302,True,96,1380,516,680,360,,,,,,,
avalonia,summon-escape-lifecycle,393,0.000,pass,52628302,52628302,True,96,1380,516,680,360,,,,,,,
avalonia,summon-escape-lifecycle,394,0.000,pass,52628302,52628302,True,96,1380,516,680,360,,,,,,,
avalonia,summon-escape-lifecycle,395,0.000,pass,52628302,52628302,True,96,1380,516,680,360,,,,,,,
avalonia,summon-escape-lifecycle,396,0.000,pass,52628302,52628302,True,96,1380,516,680,360,,,,,,,
avalonia,summon-escape-lifecycle,397,0.000,pass,52628302,52628302,True,96,1380,516,680,360,,,,,,,
avalonia,summon-escape-lifecycle,398,0.000,pass,52628302,52628302,True,96,1380,516,680,360,,,,,,,
avalonia,summon-escape-lifecycle,399,0.000,pass,52628302,52628302,True,96,1380,516,680,360,,,,,,,
avalonia,summon-escape-lifecycle,400,0.000,pass,52628302,52628302,True,96,1380,516,680,360,,,,,,,
avalonia,summon-escape-lifecycle,401,0.000,pass,52628302,52628302,True,96,1380,516,680,360,,,,,,,
avalonia,summon-escape-lifecycle,402,0.000,pass,52628302,52628302,True,96,1380,516,680,360,,,,,,,
avalonia,summon-escape-lifecycle,403,0.000,pass,52628302,52628302,True,96,1380,516,680,360,,,,,,,
avalonia,summon-escape-lifecycle,404,0.000,pass,52628302,52628302,True,96,1380,516,680,360,,,,,,,
avalonia,summon-escape-lifecycle,405,0.000,pass,52628302,52628302,True,96,1380,516,680,360,,,,,,,
avalonia,summon-escape-lifecycle,406,0.000,pass,52628302,52628302,True,96,1380,516,680,360,,,,,,,
avalonia,summon-escape-lifecycle,407,0.000,pass,52628302,52628302,True,96,1380,516,680,360,,,,,,,
avalonia,summon-escape-lifecycle,408,0.000,pass,52628302,52628302,True,96,1380,516,680,360,,,,,,,
avalonia,summon-escape-lifecycle,409,0.000,pass,52628302,52628302,True,96,1380,516,680,360,,,,,,,
avalonia,summon-escape-lifecycle,410,0.000,pass,52628302,52628302,True,96,1380,516,680,360,,,,,,,
avalonia,summon-escape-lifecycle,411,0.000,pass,52628302,52628302,True,96,1380,516,680,360,,,,,,,
avalonia,summon-escape-lifecycle,412,0.000,pass,52628302,52628302,True,96,1380,516,680,360,,,,,,,
avalonia,summon-escape-lifecycle,413,0.000,pass,52628302,52628302,True,96,1380,516,680,360,,,,,,,
avalonia,summon-escape-lifecycle,414,0.000,pass,52628302,52628302,True,96,1380,516,680,360,,,,,,,
avalonia,summon-escape-lifecycle,415,0.000,pass,52628302,52628302,True,96,1380,516,680,360,,,,,,,
avalonia,summon-escape-lifecycle,416,0.000,pass,52628302,52628302,True,96,1380,516,680,360,,,,,,,
avalonia,summon-escape-lifecycle,417,0.000,pass,52628302,52628302,True,96,1380,516,680,360,,,,,,,
avalonia,summon-escape-lifecycle,418,0.000,pass,52628302,52628302,True,96,1380,516,680,360,,,,,,,
avalonia,summon-escape-lifecycle,419,0.000,pass,52628302,52628302,True,96,1380,516,680,360,,,,,,,
avalonia,summon-escape-lifecycle,420,0.000,pass,52628302,52628302,True,96,1380,516,680,360,,,,,,,
avalonia,summon-escape-lifecycle,421,0.000,pass,52628302,52628302,True,96,1380,516,680,360,,,,,,,
avalonia,summon-escape-lifecycle,422,0.000,pass,52628302,52628302,True,96,1380,516,680,360,,,,,,,
avalonia,summon-escape-lifecycle,423,0.000,pass,52628302,52628302,True,96,1380,516,680,360,,,,,,,
avalonia,summon-escape-lifecycle,424,0.000,pass,52628302,52628302,True,96,1380,516,680,360,,,,,,,
avalonia,summon-escape-lifecycle,425,0.000,pass,52628302,52628302,True,96,1380,516,680,360,,,,,,,
avalonia,summon-escape-lifecycle,426,0.000,pass,52628302,52628302,True,96,1380,516,680,360,,,,,,,
avalonia,summon-escape-lifecycle,427,0.000,pass,52628302,52628302,True,96,1380,516,680,360,,,,,,,
avalonia,summon-escape-lifecycle,428,0.000,pass,52628302,52628302,True,96,1380,516,680,360,,,,,,,
avalonia,summon-escape-lifecycle,429,0.000,pass,52628302,52628302,True,96,1380,516,680,360,,,,,,,
avalonia,summon-escape-lifecycle,430,0.000,pass,52628302,52628302,True,96,1380,516,680,360,,,,,,,
avalonia,summon-escape-lifecycle,431,0.000,pass,52628302,52628302,True,96,1380,516,680,360,,,,,,,
avalonia,summon-escape-lifecycle,432,0.000,pass,52628302,52628302,True,96,1380,516,680,360,,,,,,,
avalonia,summon-escape-lifecycle,433,0.000,pass,52628302,52628302,True,96,1380,516,680,360,,,,,,,
avalonia,summon-escape-lifecycle,434,0.000,pass,52628302,52628302,True,96,1380,516,680,360,,,,,,,
avalonia,summon-escape-lifecycle,435,0.000,pass,52628302,52628302,True,96,1380,516,680,360,,,,,,,
avalonia,summon-escape-lifecycle,436,0.000,pass,52628302,52628302,True,96,1380,516,680,360,,,,,,,
avalonia,summon-escape-lifecycle,437,0.000,pass,52628302,52628302,True,96,1380,516,680,360,,,,,,,
avalonia,summon-escape-lifecycle,438,0.000,pass,52628302,52628302,True,96,1380,516,680,360,,,,,,,
avalonia,summon-escape-lifecycle,439,0.000,pass,52628302,52628302,True,96,1380,516,680,360,,,,,,,
avalonia,summon-escape-lifecycle,440,0.000,pass,52628302,52628302,True,96,1380,516,680,360,,,,,,,
avalonia,summon-escape-lifecycle,441,0.000,pass,52628302,52628302,True,96,1380,516,680,360,,,,,,,
avalonia,summon-escape-lifecycle,442,0.000,pass,52628302,52628302,True,96,1380,516,680,360,,,,,,,
avalonia,summon-escape-lifecycle,443,0.000,pass,52628302,52628302,True,96,1380,516,680,360,,,,,,,
avalonia,summon-escape-lifecycle,444,0.000,pass,52628302,52628302,True,96,1380,516,680,360,,,,,,,
avalonia,summon-escape-lifecycle,445,0.000,pass,52628302,52628302,True,96,1380,516,680,360,,,,,,,
avalonia,summon-escape-lifecycle,446,0.000,pass,52628302,52628302,True,96,1380,516,680,360,,,,,,,
avalonia,summon-escape-lifecycle,447,0.000,pass,52628302,52628302,True,96,1380,516,680,360,,,,,,,
avalonia,summon-escape-lifecycle,448,0.000,pass,52628302,52628302,True,96,1380,516,680,360,,,,,,,
avalonia,summon-escape-lifecycle,449,0.000,pass,52628302,52628302,True,96,1380,516,680,360,,,,,,,
avalonia,summon-escape-lifecycle,450,0.000,pass,52628302,52628302,True,96,1380,516,680,360,,,,,,,
avalonia,summon-escape-lifecycle,451,0.000,pass,52628302,52628302,True,96,1380,516,680,360,,,,,,,
avalonia,summon-escape-lifecycle,452,0.000,pass,52628302,52628302,True,96,1380,516,680,360,,,,,,,
avalonia,summon-escape-lifecycle,453,0.000,pass,52628302,52628302,True,96,1380,516,680,360,,,,,,,
avalonia,summon-escape-lifecycle,454,0.000,pass,52628302,52628302,True,96,1380,516,680,360,,,,,,,
avalonia,summon-escape-lifecycle,455,0.000,pass,52628302,52628302,True,96,1380,516,680,360,,,,,,,
avalonia,summon-escape-lifecycle,456,0.000,pass,52628302,52628302,True,96,1380,516,680,360,,,,,,,
avalonia,summon-escape-lifecycle,457,0.000,pass,52628302,52628302,True,96,1380,516,680,360,,,,,,,
avalonia,summon-escape-lifecycle,458,0.000,pass,52628302,52628302,True,96,1380,516,680,360,,,,,,,
avalonia,summon-escape-lifecycle,459,0.000,pass,52628302,52628302,True,96,1380,516,680,360,,,,,,,
avalonia,summon-escape-lifecycle,460,0.000,pass,52628302,52628302,True,96,1380,516,680,360,,,,,,,
avalonia,summon-escape-lifecycle,461,0.000,pass,52628302,52628302,True,96,1380,516,680,360,,,,,,,
avalonia,summon-escape-lifecycle,462,0.000,pass,52628302,52628302,True,96,1380,516,680,360,,,,,,,
avalonia,summon-escape-lifecycle,463,0.000,pass,52628302,52628302,True,96,1380,516,680,360,,,,,,,
avalonia,summon-escape-lifecycle,464,0.000,pass,52628302,52628302,True,96,1380,516,680,360,,,,,,,
avalonia,summon-escape-lifecycle,465,0.000,pass,52628302,52628302,True,96,1380,516,680,360,,,,,,,
avalonia,summon-escape-lifecycle,466,0.000,pass,52628302,52628302,True,96,1380,516,680,360,,,,,,,
avalonia,summon-escape-lifecycle,467,0.000,pass,52628302,52628302,True,96,1380,516,680,360,,,,,,,
avalonia,summon-escape-lifecycle,468,0.000,pass,52628302,52628302,True,96,1380,516,680,360,,,,,,,
avalonia,summon-escape-lifecycle,469,0.000,pass,52628302,52628302,True,96,1380,516,680,360,,,,,,,
avalonia,summon-escape-lifecycle,470,0.000,pass,52628302,52628302,True,96,1380,516,680,360,,,,,,,
avalonia,summon-escape-lifecycle,471,0.000,pass,52628302,52628302,True,96,1380,516,680,360,,,,,,,
avalonia,summon-escape-lifecycle,472,0.000,pass,52628302,52628302,True,96,1380,516,680,360,,,,,,,
avalonia,summon-escape-lifecycle,473,0.000,pass,52628302,52628302,True,96,1380,516,680,360,,,,,,,
avalonia,summon-escape-lifecycle,474,0.000,pass,52628302,52628302,True,96,1380,516,680,360,,,,,,,
avalonia,summon-escape-lifecycle,475,0.000,pass,52628302,52628302,True,96,1380,516,680,360,,,,,,,
avalonia,summon-escape-lifecycle,476,0.000,pass,52628302,52628302,True,96,1380,516,680,360,,,,,,,
avalonia,summon-escape-lifecycle,477,0.000,pass,52628302,52628302,True,96,1380,516,680,360,,,,,,,
avalonia,summon-escape-lifecycle,478,0.000,pass,52628302,52628302,True,96,1380,516,680,360,,,,,,,
avalonia,summon-escape-lifecycle,479,0.000,pass,52628302,52628302,True,96,1380,516,680,360,,,,,,,
avalonia,summon-escape-lifecycle,480,0.000,pass,52628302,52628302,True,96,1380,516,680,360,,,,,,,
avalonia,summon-escape-lifecycle,481,0.000,pass,52628302,52628302,True,96,1380,516,680,360,,,,,,,
avalonia,summon-escape-lifecycle,482,0.000,pass,52628302,52628302,True,96,1380,516,680,360,,,,,,,
avalonia,summon-escape-lifecycle,483,0.000,pass,52628302,52628302,True,96,1380,516,680,360,,,,,,,
avalonia,summon-escape-lifecycle,484,0.000,pass,52628302,52628302,True,96,1380,516,680,360,,,,,,,
avalonia,summon-escape-lifecycle,485,0.000,pass,52628302,52628302,True,96,1380,516,680,360,,,,,,,
avalonia,summon-escape-lifecycle,486,0.000,pass,52628302,52628302,True,96,1380,516,680,360,,,,,,,
avalonia,summon-escape-lifecycle,487,0.000,pass,52628302,52628302,True,96,1380,516,680,360,,,,,,,
avalonia,summon-escape-lifecycle,488,0.000,pass,52628302,52628302,True,96,1380,516,680,360,,,,,,,
avalonia,summon-escape-lifecycle,489,0.000,pass,52628302,52628302,True,96,1380,516,680,360,,,,,,,
avalonia,summon-escape-lifecycle,490,0.000,pass,52628302,52628302,True,96,1380,516,680,360,,,,,,,
avalonia,summon-escape-lifecycle,491,0.000,pass,52628302,52628302,True,96,1380,516,680,360,,,,,,,
avalonia,summon-escape-lifecycle,492,0.000,pass,52628302,52628302,True,96,1380,516,680,360,,,,,,,
avalonia,summon-escape-lifecycle,493,0.000,pass,52628302,52628302,True,96,1380,516,680,360,,,,,,,
avalonia,summon-escape-lifecycle,494,0.000,pass,52628302,52628302,True,96,1380,516,680,360,,,,,,,
avalonia,summon-escape-lifecycle,495,0.000,pass,52628302,52628302,True,96,1380,516,680,360,,,,,,,
avalonia,summon-escape-lifecycle,496,0.000,pass,52628302,52628302,True,96,1380,516,680,360,,,,,,,
avalonia,summon-escape-lifecycle,497,0.000,pass,52628302,52628302,True,96,1380,516,680,360,,,,,,,
avalonia,summon-escape-lifecycle,498,0.000,pass,52628302,52628302,True,96,1380,516,680,360,,,,,,,
avalonia,summon-escape-lifecycle,499,0.000,pass,52628302,52628302,True,96,1380,516,680,360,,,,,,,
avalonia,summon-escape-lifecycle,500,0.000,pass,52628302,52628302,True,96,1380,516,680,360,,,,,,,
avalonia,resource-snapshot,500,0.000,observed,,,,,,,,,,,216158208,226213888,930,697,75
avalonia,hidden-idle,1,0.000,observed,,,,,,,,,,,214691840,224722944,927,696,75
avalonia,hidden-idle,2,0.000,observed,,,,,,,,,,,214691840,224722944,927,696,75
avalonia,hidden-idle,3,0.000,observed,,,,,,,,,,,214691840,224722944,927,696,75
avalonia,hidden-idle,4,0.000,observed,,,,,,,,,,,214691840,224722944,927,696,75
avalonia,hidden-idle,5,0.000,observed,,,,,,,,,,,214691840,224722944,927,696,75
avalonia,hidden-idle,6,0.000,observed,,,,,,,,,,,214691840,224722944,927,696,75
avalonia,hidden-idle,7,0.000,observed,,,,,,,,,,,214691840,224722944,927,696,75
avalonia,hidden-idle,8,0.000,observed,,,,,,,,,,,214691840,224722944,927,696,75
avalonia,hidden-idle,9,0.000,observed,,,,,,,,,,,214691840,224722944,927,696,75
avalonia,hidden-idle,10,0.000,observed,,,,,,,,,,,214691840,224722944,927,696,75
avalonia,hidden-idle,11,0.000,observed,,,,,,,,,,,214671360,224681984,923,696,75
avalonia,hidden-idle,12,0.000,observed,,,,,,,,,,,214671360,224681984,923,696,75
avalonia,hidden-idle,13,0.000,observed,,,,,,,,,,,214671360,224681984,923,696,75
avalonia,hidden-idle,14,0.000,observed,,,,,,,,,,,214671360,224681984,923,696,75
avalonia,hidden-idle,15,0.000,observed,,,,,,,,,,,214671360,224681984,923,696,75
avalonia,hidden-idle,16,0.000,observed,,,,,,,,,,,214671360,224681984,923,696,75
avalonia,hidden-idle,17,0.000,observed,,,,,,,,,,,214671360,224681984,923,696,75
avalonia,hidden-idle,18,0.000,observed,,,,,,,,,,,214671360,224681984,923,696,75
avalonia,hidden-idle,19,0.000,observed,,,,,,,,,,,214671360,224681984,923,696,75
avalonia,hidden-idle,20,0.000,observed,,,,,,,,,,,214671360,224681984,923,696,75
avalonia,hidden-idle,21,0.000,observed,,,,,,,,,,,214671360,224681984,923,696,75
avalonia,hidden-idle,22,0.000,observed,,,,,,,,,,,214630400,224595968,915,696,75
avalonia,hidden-idle,23,0.000,observed,,,,,,,,,,,214630400,224595968,915,696,75
avalonia,hidden-idle,24,0.000,observed,,,,,,,,,,,214630400,224595968,915,696,75
avalonia,hidden-idle,25,0.000,observed,,,,,,,,,,,214630400,224595968,915,696,75
avalonia,hidden-idle,26,0.000,observed,,,,,,,,,,,214630400,224595968,915,696,75
avalonia,hidden-idle,27,0.000,observed,,,,,,,,,,,214630400,224595968,915,696,75
avalonia,hidden-idle,28,0.000,observed,,,,,,,,,,,214630400,224595968,915,696,75
avalonia,hidden-idle,29,0.000,observed,,,,,,,,,,,214630400,224595968,915,696,75
avalonia,hidden-idle,30,0.000,observed,,,,,,,,,,,214630400,224595968,915,696,75
avalonia,hidden-idle,31,0.000,observed,,,,,,,,,,,214630400,224595968,915,696,75
avalonia,hidden-idle,32,0.000,observed,,,,,,,,,,,214630400,224595968,915,696,75
avalonia,hidden-idle,33,0.000,observed,,,,,,,,,,,214630400,224595968,915,696,75
avalonia,hidden-idle,34,0.000,observed,,,,,,,,,,,214630400,224595968,915,696,75
avalonia,hidden-idle,35,0.000,observed,,,,,,,,,,,214630400,224595968,915,696,75
avalonia,hidden-idle,36,0.000,observed,,,,,,,,,,,214630400,224595968,915,696,75
avalonia,hidden-idle,37,0.000,observed,,,,,,,,,,,214630400,224595968,915,696,75
avalonia,hidden-idle,38,0.000,observed,,,,,,,,,,,214630400,224595968,915,696,75
avalonia,hidden-idle,39,0.000,observed,,,,,,,,,,,214630400,224595968,915,696,75
avalonia,hidden-idle,40,0.000,observed,,,,,,,,,,,214630400,224595968,915,696,75
avalonia,hidden-idle,41,0.000,observed,,,,,,,,,,,214630400,224595968,915,696,75
avalonia,hidden-idle,42,0.000,observed,,,,,,,,,,,214630400,224595968,915,696,75
avalonia,hidden-idle,43,0.000,observed,,,,,,,,,,,214630400,224595968,915,696,75
avalonia,hidden-idle,44,0.000,observed,,,,,,,,,,,214630400,224595968,915,696,75
avalonia,hidden-idle,45,0.000,observed,,,,,,,,,,,214630400,224595968,915,696,75
avalonia,hidden-idle,46,0.000,observed,,,,,,,,,,,214630400,224595968,915,696,75
avalonia,hidden-idle,47,0.000,observed,,,,,,,,,,,214630400,224595968,915,696,75
avalonia,hidden-idle,48,0.000,observed,,,,,,,,,,,214630400,224595968,915,696,75
avalonia,hidden-idle,49,0.000,observed,,,,,,,,,,,214630400,224595968,915,696,75
avalonia,hidden-idle,50,0.000,observed,,,,,,,,,,,214630400,224595968,915,696,75
avalonia,hidden-idle,51,0.000,observed,,,,,,,,,,,214630400,224595968,915,696,75
avalonia,hidden-idle,52,0.000,observed,,,,,,,,,,,214630400,224595968,915,696,75
avalonia,hidden-idle,53,0.000,observed,,,,,,,,,,,214630400,224595968,915,696,75
avalonia,hidden-idle,54,0.000,observed,,,,,,,,,,,214630400,224595968,915,696,75
avalonia,hidden-idle,55,0.000,observed,,,,,,,,,,,214630400,224595968,915,696,75
avalonia,hidden-idle,56,0.000,observed,,,,,,,,,,,214630400,224595968,915,696,75
avalonia,hidden-idle,57,0.000,observed,,,,,,,,,,,214630400,224595968,915,696,75
avalonia,hidden-idle,58,0.000,observed,,,,,,,,,,,214630400,224595968,915,696,75
avalonia,hidden-idle,59,0.000,observed,,,,,,,,,,,214630400,224595968,915,696,75
avalonia,hidden-idle,60,0.000,observed,,,,,,,,,,,214630400,224595968,915,696,75
avalonia,hidden-idle,61,0.000,observed,,,,,,,,,,,214630400,224595968,915,696,75
avalonia,hidden-idle,62,0.000,observed,,,,,,,,,,,214630400,224595968,915,696,75
avalonia,hidden-idle,63,0.000,observed,,,,,,,,,,,214630400,224595968,915,696,75
avalonia,hidden-idle,64,0.000,observed,,,,,,,,,,,214630400,224595968,915,696,75
avalonia,hidden-idle,65,0.000,observed,,,,,,,,,,,214630400,224595968,915,696,75
avalonia,hidden-idle,66,0.000,observed,,,,,,,,,,,214630400,224595968,915,696,75
avalonia,hidden-idle,67,0.000,observed,,,,,,,,,,,214630400,224595968,915,696,75
avalonia,hidden-idle,68,0.000,observed,,,,,,,,,,,214630400,224595968,915,696,75
avalonia,hidden-idle,69,0.000,observed,,,,,,,,,,,214630400,224595968,915,696,75
avalonia,hidden-idle,70,0.000,observed,,,,,,,,,,,214630400,224595968,915,696,75
avalonia,hidden-idle,71,0.000,observed,,,,,,,,,,,214630400,224595968,915,696,75
avalonia,hidden-idle,72,0.000,observed,,,,,,,,,,,214630400,224595968,915,696,75
avalonia,hidden-idle,73,0.000,observed,,,,,,,,,,,214630400,224595968,915,696,75
avalonia,hidden-idle,74,0.000,observed,,,,,,,,,,,214630400,224595968,915,696,75
avalonia,hidden-idle,75,0.000,observed,,,,,,,,,,,214630400,224595968,915,696,75
avalonia,hidden-idle,76,0.000,observed,,,,,,,,,,,214630400,224595968,915,696,75
avalonia,hidden-idle,77,0.000,observed,,,,,,,,,,,214630400,224595968,915,696,75
avalonia,hidden-idle,78,0.000,observed,,,,,,,,,,,214626304,224595968,915,696,75
avalonia,hidden-idle,79,0.000,observed,,,,,,,,,,,214626304,224595968,915,696,75
avalonia,hidden-idle,80,0.000,observed,,,,,,,,,,,214626304,224595968,915,696,75
avalonia,hidden-idle,81,0.000,observed,,,,,,,,,,,214626304,224595968,915,696,75
avalonia,hidden-idle,82,0.000,observed,,,,,,,,,,,214626304,224595968,915,696,75
avalonia,hidden-idle,83,0.000,observed,,,,,,,,,,,214626304,224595968,915,696,75
avalonia,hidden-idle,84,0.000,observed,,,,,,,,,,,214626304,224595968,915,696,75
avalonia,hidden-idle,85,0.000,observed,,,,,,,,,,,214626304,224595968,915,696,75
avalonia,hidden-idle,86,0.000,observed,,,,,,,,,,,214626304,224595968,915,696,75
avalonia,hidden-idle,87,0.000,observed,,,,,,,,,,,214626304,224595968,915,696,75
avalonia,hidden-idle,88,0.000,observed,,,,,,,,,,,214626304,224595968,915,696,75
avalonia,hidden-idle,89,0.000,observed,,,,,,,,,,,214626304,224595968,915,696,75
avalonia,hidden-idle,90,0.000,observed,,,,,,,,,,,214626304,224595968,915,696,75
avalonia,hidden-idle,91,0.000,observed,,,,,,,,,,,214626304,224595968,915,696,75
avalonia,hidden-idle,92,0.000,observed,,,,,,,,,,,214626304,224595968,915,696,75
avalonia,hidden-idle,93,0.000,observed,,,,,,,,,,,214626304,224595968,915,696,75
avalonia,hidden-idle,94,0.000,observed,,,,,,,,,,,214626304,224595968,915,696,75
avalonia,hidden-idle,95,0.000,observed,,,,,,,,,,,214626304,224595968,915,696,75
avalonia,hidden-idle,96,0.000,observed,,,,,,,,,,,214626304,224595968,915,696,75
avalonia,hidden-idle,97,0.000,observed,,,,,,,,,,,214626304,224595968,915,696,75
avalonia,hidden-idle,98,0.000,observed,,,,,,,,,,,214626304,224595968,915,696,75
avalonia,hidden-idle,99,0.000,observed,,,,,,,,,,,214626304,224595968,915,696,75
avalonia,hidden-idle,100,0.000,observed,,,,,,,,,,,214626304,224595968,915,696,75
avalonia,hidden-idle,101,0.000,observed,,,,,,,,,,,214626304,224595968,915,696,75
avalonia,hidden-idle,102,0.000,observed,,,,,,,,,,,214626304,224595968,915,696,75
avalonia,hidden-idle,103,0.000,observed,,,,,,,,,,,214626304,224595968,915,696,75
avalonia,hidden-idle,104,0.000,observed,,,,,,,,,,,214626304,224595968,915,696,75
avalonia,hidden-idle,105,0.000,observed,,,,,,,,,,,214626304,224595968,915,696,75
avalonia,hidden-idle,106,0.000,observed,,,,,,,,,,,214626304,224595968,915,696,75
avalonia,hidden-idle,107,0.000,observed,,,,,,,,,,,214626304,224595968,915,696,75
avalonia,hidden-idle,108,0.000,observed,,,,,,,,,,,214626304,224595968,915,696,75
avalonia,hidden-idle,109,0.000,observed,,,,,,,,,,,214626304,224595968,915,696,75
avalonia,hidden-idle,110,0.000,observed,,,,,,,,,,,214626304,224595968,915,696,75
avalonia,hidden-idle,111,0.000,observed,,,,,,,,,,,214626304,224595968,915,696,75
avalonia,hidden-idle,112,0.000,observed,,,,,,,,,,,214626304,224595968,915,696,75
avalonia,hidden-idle,113,0.000,observed,,,,,,,,,,,214626304,224595968,915,696,75
avalonia,hidden-idle,114,0.000,observed,,,,,,,,,,,214626304,224595968,915,696,75
avalonia,hidden-idle,115,0.000,observed,,,,,,,,,,,214626304,224595968,915,696,75
avalonia,hidden-idle,116,0.000,observed,,,,,,,,,,,214626304,224595968,915,696,75
avalonia,hidden-idle,117,0.000,observed,,,,,,,,,,,214626304,224595968,915,696,75
avalonia,hidden-idle,118,0.000,observed,,,,,,,,,,,214626304,224595968,915,696,75
avalonia,hidden-idle,119,0.000,observed,,,,,,,,,,,214626304,224595968,915,696,75
avalonia,hidden-idle,120,0.000,observed,,,,,,,,,,,214626304,224595968,915,696,75
avalonia,idle-cpu,1,0.002,pass,,,,,,,,,,,,,,,
avalonia,resource-settled,500,0.000,observed,,,,,,,,,,,214626304,224595968,915,696,75
